{"network":{"id":1,"name":"did-btc1-electrs","description":"regtest bitcoind and electrs","status":3,"path":"/home/jintek/.polar/networks/1","nodes":{"bitcoin":[{"id":0,"networkId":1,"name":"backend1","type":"bitcoin","implementation":"bitcoind","version":"28.0","peers":[],"status":3,"ports":{"rpc":18443,"p2p":19444,"zmqBlock":28334,"zmqTx":29335},"docker":{"image":"","command":""}}],"lightning":[],"tap":[]},"autoMineMode":0},"chart":{"offset":{"x":-280,"y":0},"nodes":{"backend1":{"id":"backend1","type":"bitcoin","position":{"x":700,"y":380},"ports":{"backend":{"id":"backend","type":"top","position":{"x":100,"y":0}},"peer-left":{"id":"peer-left","type":"left","position":{"x":0,"y":21}},"peer-right":{"id":"peer-right","type":"right","position":{"x":200,"y":21}}},"size":{"width":200,"height":42},"properties":{"status":3,"icon":"./static/media/bitcoin.c9f33461.svg"}}},"links":{},"selected":{"type":"node","id":"backend1"},"hovered":{},"scale":1}}