{"network":{"id":1,"name":"btc1-esplora","description":"esplora","status":3,"path":"/home/jintek/.polar/networks/1","nodes":{"bitcoin":[{"id":0,"networkId":1,"name":"backend1","type":"bitcoin","implementation":"bitcoind","version":"28.0","peers":[],"status":4,"ports":{"rpc":18444,"p2p":19445,"zmqBlock":28335,"zmqTx":29336},"docker":{"image":"","command":""},"errorMsg":"connect ECONNREFUSED 127.0.0.1:18444"}],"lightning":[],"tap":[]},"autoMineMode":0},"chart":{"offset":{"x":0,"y":0},"nodes":{"backend1":{"id":"backend1","type":"bitcoin","position":{"x":250,"y":400},"ports":{"backend":{"id":"backend","type":"top","position":{"x":100,"y":0}},"peer-left":{"id":"peer-left","type":"left","position":{"x":0,"y":21}},"peer-right":{"id":"peer-right","type":"right","position":{"x":200,"y":21}}},"size":{"width":200,"height":42},"properties":{"status":4,"icon":"./static/media/bitcoin.c9f33461.svg"}}},"links":{},"selected":{"type":"node","id":"backend1"},"hovered":{},"scale":1}}